product,2019-1,2019-2,2019-3,2019-4,2019-5,2019-6,2019-7,2019-8,2019-9,2019-10,2019-11,2019-12
0,2562,2417,2613,2605,2548,2433,2599,2640,2496,2528,2566,2590
1,2549,2405,2556,2480,2626,2506,2620,2571,2527,2644,2541,2587
2,2590,2350,2570,2504,2622,2535,2564,2632,2464,2616,2590,2633
3,2530,2388,2501,2509,2537,2560,2594,2520,2480,2537,2543,2554
4,2589,2314,2535,2528,2630,2448,2570,2552,2539,2472,2538,2614
5,2569,2325,2629,2441,2656,2520,2673,2537,2493,2578,2496,2580
6,2582,2296,2564,2591,2633,2505,2612,2663,2597,2587,2570,2487
7,2593,2343,2574,2567,2589,2482,2618,2624,2548,2626,2412,2593
8,2557,2289,2595,2539,2582,2448,2561,2624,2442,2550,2483,2612
9,2636,2289,2621,2548,2543,2488,2599,2566,2396,2627,2418,2617
10,2570,2446,2637,2561,2685,2523,2659,2552,2457,2696,2472,2574
11,2575,2330,2491,2560,2626,2610,2584,2533,2471,2602,2556,2561
12,2518,2388,2633,2469,2521,2453,2609,2606,2508,2510,2491,2644
13,2555,2355,2563,2561,2700,2563,2601,2539,2452,2605,2430,2600
14,2510,2359,2643,2586,2634,2581,2581,2602,2503,2616,2549,2613
15,2647,2296,2556,2576,2601,2490,2582,2572,2453,2630,2429,2620
16,2584,2319,2646,2533,2586,2497,2627,2615,2484,2543,2477,2672
17,2606,2296,2507,2527,2558,2416,2495,2545,2478,2589,2520,2667
18,2608,2366,2672,2544,2607,2490,2686,2544,2491,2618,2469,2597
19,2573,2313,2632,2461,2577,2497,2601,2625,2463,2561,2577,2591
20,2607,2348,2605,2465,2578,2529,2552,2589,2543,2552,2494,2549
21,2595,2272,2608,2567,2501,2514,2606,2589,2438,2549,2570,2567
22,2514,2327,2658,2521,2512,2439,2586,2601,2532,2590,2538,2615
23,2614,2350,2611,2548,2579,2418,2612,2687,2516,2603,2415,2592
24,2585,2294,2456,2557,2672,2547,2558,2520,2498,2640,2614,2606
25,2518,2271,2494,2590,2630,2574,2628,2575,2448,2593,2498,2597
26,2601,2423,2517,2489,2530,2503,2590,2556,2551,2613,2494,2577
27,2610,2418,2629,2492,2544,2449,2596,2533,2431,2669,2524,2587
28,2694,2399,2604,2495,2466,2496,2560,2557,2505,2588,2570,2604
29,2668,2330,2615,2502,2657,2422,2631,2613,2516,2594,2608,2649
30,2531,2324,2622,2616,2580,2475,2547,2682,2465,2617,2491,2541
31,2586,2423,2654,2553,2614,2478,2673,2557,2501,2528,2554,2596
32,2530,2344,2635,2467,2642,2527,2604,2559,2503,2613,2550,2610
33,2576,2417,2598,2506,2533,2534,2696,2565,2463,2676,2568,2551
34,2631,2419,2546,2613,2600,2493,2632,2661,2410,2655,2551,2570
35,2539,2306,2629,2548,2526,2535,2602,2524,2548,2627,2514,2614
36,2639,2337,2601,2513,2661,2482,2585,2531,2520,2608,2531,2612
37,2695,2467,2615,2636,2616,2515,2617,2579,2462,2463,2484,2695
38,2513,2362,2580,2629,2526,2457,2587,2605,2460,2551,2595,2536
39,2671,2346,2510,2564,2588,2445,2627,2553,2441,2684,2501,2618
40,2604,2298,2551,2523,2622,2489,2556,2612,2442,2549,2516,2644
41,2596,2346,2623,2558,2558,2565,2574,2596,2457,2615,2535,2597
42,2577,2316,2600,2598,2623,2471,2591,2567,2528,2652,2568,2472
43,2595,2273,2565,2524,2665,2498,2537,2632,2495,2531,2558,2581
44,2615,2352,2620,2551,2568,2465,2621,2643,2541,2588,2505,2625
45,2671,2262,2644,2494,2631,2490,2578,2673,2496,2539,2584,2583
46,2594,2385,2660,2444,2618,2495,2653,2681,2515,2532,2471,2635
47,2621,2316,2620,2585,2519,2524,2575,2725,2450,2589,2427,2543
48,2638,2325,2636,2544,2502,2511,2560,2585,2553,2591,2584,2542
49,2584,2425,2647,2519,2638,2537,2630,2552,2442,2660,2489,2653
50,2537,2322,2639,2589,2580,2517,2609,2546,2551,2554,2501,2545
51,2629,2371,2550,2500,2489,2463,2504,2544,2518,2563,2580,2519
52,2587,2277,2607,2506,2650,2482,2634,2556,2553,2658,2565,2615
53,2617,2275,2653,2438,2629,2534,2633,2620,2483,2628,2469,2660
54,2597,2379,2638,2465,2596,2406,2551,2531,2590,2601,2502,2540
55,2724,2332,2587,2548,2544,2520,2601,2600,2564,2596,2493,2581
56,2556,2330,2625,2532,2598,2470,2735,2703,2534,2532,2510,2638
57,2581,2423,2614,2518,2652,2471,2679,2506,2449,2514,2512,2566
58,2579,2366,2577,2532,2639,2532,2648,2739,2562,2636,2554,2610
59,2701,2410,2641,2561,2604,2547,2540,2540,2523,2521,2669,2572
60,2662,2367,2531,2466,2527,2487,2615,2650,2429,2592,2498,2594
61,2620,2421,2529,2513,2635,2449,2570,2531,2474,2586,2542,2553
62,2639,2341,2590,2469,2568,2503,2606,2638,2528,2667,2518,2633
63,2613,2305,2558,2571,2588,2516,2619,2667,2501,2563,2480,2541
64,2650,2315,2621,2472,2487,2492,2568,2695,2522,2573,2465,2609
65,2675,2412,2571,2454,2560,2608,2589,2679,2448,2542,2471,2571
66,2572,2285,2590,2491,2538,2529,2625,2570,2592,2615,2498,2565
67,2563,2375,2601,2453,2629,2563,2571,2544,2513,2584,2474,2563
68,2613,2348,2546,2504,2623,2466,2609,2521,2566,2637,2519,2580
69,2518,2292,2589,2537,2591,2528,2596,2674,2416,2451,2372,2531
70,2582,2263,2527,2389,2664,2550,2580,2561,2531,2600,2476,2622
71,2663,2345,2538,2532,2652,2554,2546,2656,2559,2606,2500,2530
72,2606,2383,2670,2561,2575,2482,2539,2525,2460,2551,2469,2593
73,2503,2471,2582,2510,2595,2581,2551,2545,2430,2636,2521,2644
74,2548,2281,2613,2571,2612,2591,2598,2622,2484,2657,2542,2612
75,2552,2319,2590,2579,2564,2553,2549,2652,2514,2621,2488,2582
76,2655,2304,2639,2506,2635,2570,2615,2607,2536,2528,2545,2590
77,2616,2335,2648,2521,2621,2511,2609,2649,2518,2617,2516,2512
78,2504,2337,2616,2514,2568,2404,2679,2544,2519,2671,2485,2681
79,2652,2353,2575,2495,2643,2485,2615,2525,2472,2658,2453,2585
80,2673,2480,2612,2471,2556,2494,2536,2646,2583,2545,2483,2645
81,2571,2360,2485,2465,2601,2466,2495,2614,2502,2540,2620,2593
82,2623,2430,2539,2493,2556,2578,2620,2549,2489,2593,2496,2625
83,2516,2376,2656,2541,2686,2588,2510,2626,2417,2579,2559,2635
84,2544,2412,2686,2520,2600,2571,2594,2601,2496,2628,2586,2657
85,2763,2337,2511,2511,2580,2673,2557,2558,2582,2515,2547,2582
86,2669,2373,2585,2544,2542,2393,2691,2609,2453,2641,2526,2636
87,2617,2313,2633,2484,2601,2407,2595,2520,2651,2567,2512,2534
88,2598,2322,2568,2502,2661,2523,2541,2656,2416,2500,2480,2578
89,2618,2325,2567,2467,2622,2548,2597,2617,2514,2500,2423,2629
90,2663,2388,2634,2534,2579,2407,2633,2622,2527,2527,2525,2550
91,2601,2300,2692,2465,2509,2451,2646,2576,2525,2573,2467,2562
92,2567,2281,2657,2478,2554,2450,2606,2703,2456,2563,2490,2673
93,2640,2317,2573,2512,2574,2499,2585,2590,2455,2503,2582,2596
94,2560,2365,2589,2563,2622,2442,2482,2543,2507,2580,2498,2585
95,2519,2294,2557,2538,2572,2525,2695,2615,2551,2552,2548,2488
96,2509,2379,2671,2514,2544,2492,2547,2645,2592,2639,2609,2568
97,2631,2344,2551,2484,2681,2544,2550,2589,2476,2652,2526,2541
98,2571,2228,2560,2584,2498,2428,2563,2608,2530,2655,2515,2463
99,2656,2235,2569,2455,2637,2544,2617,2571,2541,2567,2506,2642
100,2546,2347,2582,2448,2698,2529,2668,2651,2543,2574,2545,2662
101,2559,2285,2558,2618,2511,2523,2617,2654,2540,2538,2499,2623
102,2612,2360,2655,2575,2624,2534,2526,2550,2540,2691,2520,2531
103,2556,2311,2568,2515,2612,2494,2598,2550,2530,2578,2460,2600
104,2542,2313,2618,2503,2618,2480,2564,2699,2621,2489,2416,2577
105,2564,2326,2532,2456,2585,2516,2678,2639,2566,2604,2553,2595
106,2522,2336,2657,2538,2662,2484,2604,2596,2521,2622,2511,2526
107,2590,2274,2562,2420,2610,2521,2644,2646,2478,2606,2442,2615
108,2652,2261,2603,2524,2577,2464,2571,2573,2490,2562,2569,2713
109,2627,2446,2627,2544,2605,2595,2462,2587,2521,2663,2513,2565
110,2582,2327,2530,2504,2626,2391,2592,2645,2573,2556,2496,2549
111,2648,2293,2613,2539,2558,2514,2582,2572,2481,2591,2456,2573
112,2539,2302,2625,2462,2539,2500,2555,2587,2565,2620,2507,2622
113,2578,2266,2533,2537,2574,2529,2637,2612,2523,2543,2540,2604
114,2659,2276,2521,2432,2543,2531,2593,2650,2502,2545,2490,2623
115,2586,2329,2607,2505,2612,2522,2514,2565,2508,2573,2498,2608
116,2638,2365,2626,2562,2660,2525,2599,2563,2428,2694,2490,2573
117,2574,2409,2691,2519,2576,2532,2599,2568,2466,2587,2505,2648
118,2669,2341,2566,2595,2592,2573,2576,2567,2520,2609,2543,2579
119,2554,2403,2635,2518,2731,2489,2670,2554,2618,2480,2443,2627
120,2557,2331,2594,2572,2518,2537,2582,2568,2455,2536,2504,2547
121,2506,2333,2567,2548,2602,2484,2571,2479,2469,2568,2466,2664
122,2573,2370,2588,2547,2588,2508,2619,2554,2403,2614,2497,2444
123,2575,2298,2451,2532,2581,2444,2525,2660,2530,2647,2573,2543
124,2587,2335,2633,2465,2538,2565,2587,2565,2469,2643,2450,2718
125,2628,2305,2590,2459,2614,2502,2577,2530,2492,2547,2514,2619
126,2549,2379,2603,2582,2627,2560,2680,2628,2485,2495,2503,2529
127,2633,2313,2666,2479,2638,2552,2491,2651,2509,2621,2408,2486
128,2731,2319,2562,2382,2561,2522,2568,2655,2489,2503,2513,2594
129,2534,2392,2551,2523,2522,2507,2668,2576,2453,2551,2482,2607
130,2620,2382,2641,2435,2670,2476,2609,2493,2470,2575,2542,2651
131,2661,2247,2609,2476,2599,2502,2650,2587,2477,2606,2528,2573
132,2638,2333,2545,2518,2563,2602,2573,2588,2501,2573,2591,2646
133,2593,2404,2580,2576,2601,2501,2626,2642,2402,2474,2532,2677
134,2577,2373,2596,2508,2597,2488,2526,2545,2407,2578,2455,2639
135,2594,2383,2570,2529,2665,2407,2603,2491,2539,2544,2571,2591
136,2532,2381,2564,2427,2624,2491,2586,2514,2490,2507,2489,2554
137,2622,2361,2577,2555,2626,2491,2613,2576,2551,2633,2478,2651
138,2637,2428,2629,2506,2642,2555,2544,2605,2534,2517,2453,2583
139,2617,2277,2560,2566,2673,2470,2708,2524,2477,2611,2432,2634
140,2598,2316,2603,2483,2549,2489,2613,2646,2464,2662,2391,2520
141,2654,2268,2622,2477,2689,2431,2526,2664,2515,2628,2536,2619
142,2630,2364,2602,2566,2677,2477,2624,2601,2498,2574,2507,2618
143,2502,2323,2732,2535,2577,2517,2648,2538,2467,2596,2508,2584
144,2596,2318,2560,2544,2645,2494,2579,2532,2511,2582,2530,2571
145,2587,2329,2574,2594,2533,2520,2607,2517,2483,2553,2475,2423
146,2591,2307,2628,2557,2585,2528,2595,2574,2494,2648,2525,2537
147,2617,2425,2725,2492,2636,2482,2633,2576,2447,2596,2472,2557
148,2571,2397,2591,2478,2497,2498,2677,2704,2511,2627,2547,2645
149,2634,2459,2552,2508,2538,2523,2599,2539,2612,2646,2522,2592
150,2566,2381,2513,2558,2657,2512,2601,2602,2520,2598,2483,2669
151,2460,2257,2696,2470,2587,2449,2703,2628,2440,2565,2533,2578
152,2656,2295,2619,2625,2719,2476,2546,2604,2441,2508,2560,2591
153,2637,2262,2660,2585,2612,2600,2694,2613,2483,2631,2513,2676
154,2531,2274,2583,2519,2521,2546,2563,2632,2440,2608,2433,2631
155,2579,2328,2620,2497,2612,2578,2526,2645,2607,2585,2478,2572
156,2625,2381,2648,2556,2634,2547,2668,2645,2563,2660,2534,2530
157,2594,2349,2563,2532,2635,2515,2615,2550,2489,2667,2453,2599
158,2612,2314,2603,2573,2536,2505,2462,2656,2436,2613,2405,2587
159,2638,2376,2621,2593,2550,2473,2574,2517,2406,2682,2496,2611
160,2656,2358,2665,2517,2623,2508,2650,2554,2465,2502,2398,2531
161,2589,2298,2569,2532,2593,2584,2647,2673,2411,2563,2555,2658
162,2560,2329,2609,2542,2592,2525,2693,2569,2479,2637,2514,2577
163,2583,2295,2477,2469,2630,2483,2615,2628,2426,2519,2453,2587
164,2610,2304,2530,2497,2566,2546,2685,2513,2522,2500,2479,2538
165,2493,2417,2573,2598,2663,2510,2537,2689,2511,2541,2638,2543
166,2656,2294,2580,2544,2638,2472,2682,2580,2507,2518,2535,2569
167,2626,2340,2580,2498,2525,2491,2642,2651,2468,2645,2582,2557
168,2613,2263,2540,2468,2571,2510,2653,2611,2575,2602,2481,2625
169,2562,2473,2534,2486,2568,2401,2644,2584,2510,2626,2533,2644
170,2672,2353,2553,2601,2674,2450,2506,2604,2525,2574,2477,2599
171,2613,2312,2632,2522,2628,2519,2522,2626,2537,2602,2539,2596
172,2596,2350,2597,2489,2662,2430,2641,2498,2400,2548,2535,2553
173,2625,2419,2568,2592,2523,2511,2554,2621,2577,2709,2584,2631
174,2614,2349,2621,2514,2685,2504,2629,2567,2546,2645,2568,2535
175,2555,2318,2557,2637,2659,2570,2622,2603,2495,2558,2510,2546
176,2574,2375,2601,2512,2538,2401,2575,2630,2542,2655,2560,2620
177,2682,2375,2448,2500,2553,2475,2587,2598,2485,2576,2555,2550
178,2579,2328,2655,2472,2512,2367,2558,2588,2490,2620,2395,2640
179,2645,2354,2575,2478,2660,2529,2558,2572,2452,2672,2493,2566
180,2694,2454,2542,2485,2556,2591,2669,2642,2601,2540,2459,2556
181,2646,2284,2621,2631,2633,2421,2497,2625,2543,2597,2500,2641
182,2567,2302,2689,2429,2628,2587,2642,2566,2493,2619,2552,2579
183,2604,2305,2580,2552,2574,2456,2551,2596,2482,2525,2435,2513
184,2554,2344,2542,2543,2555,2434,2681,2593,2527,2631,2542,2560
185,2494,2356,2648,2552,2537,2435,2557,2629,2569,2587,2451,2627
186,2596,2296,2593,2493,2621,2547,2705,2520,2584,2664,2473,2579
187,2576,2252,2676,2504,2555,2553,2584,2595,2491,2551,2516,2604
188,2522,2309,2568,2563,2647,2462,2644,2571,2567,2585,2544,2579
189,2563,2384,2570,2504,2625,2498,2550,2567,2502,2575,2460,2675
190,2606,2373,2588,2488,2601,2539,2595,2609,2479,2515,2493,2556
191,2600,2298,2561,2491,2448,2482,2591,2531,2446,2668,2425,2654
192,2608,2364,2594,2473,2625,2479,2593,2636,2511,2614,2512,2479
193,2515,2329,2521,2571,2600,2442,2524,2616,2529,2622,2493,2589
194,2559,2391,2484,2418,2617,2490,2616,2626,2559,2466,2423,2504
195,2586,2334,2610,2540,2590,2530,2571,2649,2497,2583,2496,2587
196,2611,2312,2593,2513,2518,2443,2566,2562,2518,2468,2484,2563
197,2568,2311,2540,2510,2572,2565,2589,2533,2531,2523,2548,2617
198,2605,2365,2581,2477,2616,2495,2581,2592,2535,2643,2580,2610
199,2572,2402,2586,2559,2607,2482,2609,2642,2572,2626,2516,2664
200,2609,2279,2560,2571,2618,2471,2532,2591,2390,2565,2457,2630
201,2658,2370,2608,2531,2658,2514,2670,2541,2500,2571,2470,2572
202,2703,2372,2596,2588,2576,2538,2660,2634,2536,2565,2509,2608
203,2582,2288,2509,2559,2585,2480,2567,2563,2465,2614,2539,2489
204,2639,2337,2589,2508,2599,2495,2584,2613,2528,2613,2509,2567
205,2588,2303,2522,2509,2634,2491,2631,2529,2509,2488,2469,2644
206,2563,2370,2567,2553,2644,2485,2652,2562,2442,2604,2588,2598
207,2507,2359,2611,2422,2584,2480,2651,2517,2572,2529,2373,2554
208,2562,2354,2549,2450,2533,2560,2508,2572,2568,2499,2515,2572
209,2588,2264,2537,2456,2546,2514,2690,2573,2535,2628,2565,2533
210,2632,2251,2627,2557,2519,2474,2548,2557,2539,2559,2476,2548
211,2543,2322,2635,2545,2587,2592,2534,2633,2480,2592,2492,2543
212,2652,2369,2518,2503,2511,2485,2685,2475,2424,2611,2572,2642
213,2558,2352,2661,2456,2565,2516,2614,2648,2399,2608,2456,2545
214,2639,2347,2586,2465,2534,2551,2447,2658,2561,2600,2539,2634
215,2680,2360,2641,2452,2637,2513,2511,2639,2513,2517,2542,2612
216,2565,2274,2501,2536,2615,2560,2541,2485,2465,2559,2428,2562
217,2612,2361,2535,2549,2684,2550,2595,2625,2485,2671,2491,2553
218,2543,2409,2495,2476,2624,2561,2534,2579,2476,2693,2538,2585
219,2526,2295,2669,2540,2614,2511,2622,2556,2481,2636,2547,2536
220,2618,2276,2582,2554,2511,2582,2529,2643,2560,2539,2528,2531
221,2526,2372,2639,2527,2589,2536,2469,2634,2517,2548,2514,2590
222,2599,2231,2607,2483,2599,2609,2697,2650,2489,2587,2519,2616
223,2599,2306,2624,2539,2587,2459,2615,2552,2487,2537,2422,2672
224,2710,2369,2576,2596,2578,2490,2545,2548,2546,2594,2466,2607
225,2598,2295,2545,2472,2617,2546,2487,2645,2455,2551,2515,2689
226,2644,2380,2543,2469,2568,2461,2583,2540,2489,2634,2520,2544
227,2489,2270,2612,2443,2546,2538,2645,2547,2511,2656,2481,2668
228,2545,2285,2587,2544,2640,2460,2575,2525,2461,2537,2577,2544
229,2492,2312,2581,2436,2563,2562,2579,2648,2430,2645,2506,2579
230,2586,2317,2577,2515,2603,2501,2603,2651,2518,2647,2545,2564
231,2522,2390,2534,2481,2563,2458,2557,2665,2647,2592,2473,2679
232,2482,2223,2619,2488,2552,2519,2588,2668,2516,2520,2557,2580
233,2487,2233,2599,2526,2522,2416,2499,2614,2571,2514,2462,2613
234,2647,2284,2601,2422,2586,2546,2640,2600,2480,2619,2537,2563
235,2649,2359,2612,2558,2482,2599,2625,2670,2540,2531,2507,2524
236,2655,2375,2611,2444,2668,2524,2666,2639,2538,2533,2572,2679
237,2567,2338,2648,2513,2562,2649,2596,2601,2509,2555,2552,2568
238,2628,2316,2546,2499,2639,2513,2614,2578,2589,2624,2596,2670
239,2635,2274,2526,2469,2665,2493,2757,2563,2478,2628,2561,2625
240,2590,2384,2697,2438,2602,2511,2602,2585,2555,2615,2450,2584
241,2592,2439,2567,2476,2631,2610,2607,2552,2527,2569,2412,2604
242,2563,2261,2486,2505,2497,2487,2584,2576,2531,2609,2500,2584
243,2584,2319,2596,2525,2622,2555,2506,2529,2444,2496,2392,2680
244,2479,2432,2490,2518,2529,2528,2520,2571,2487,2569,2453,2576
245,2574,2312,2550,2470,2610,2447,2668,2499,2522,2575,2513,2667
246,2508,2281,2640,2489,2662,2505,2568,2590,2534,2591,2480,2664
247,2582,2326,2641,2436,2640,2480,2596,2531,2464,2534,2538,2522
248,2673,2395,2629,2506,2591,2496,2615,2569,2481,2602,2486,2516
249,2696,2299,2649,2469,2532,2520,2580,2603,2562,2559,2504,2599
250,2594,2366,2611,2513,2578,2455,2458,2531,2468,2559,2440,2692
251,2645,2334,2596,2534,2593,2535,2521,2547,2517,2542,2482,2558
252,2573,2390,2571,2513,2625,2495,2610,2552,2473,2539,2555,2686
253,2616,2374,2550,2520,2605,2469,2661,2639,2486,2538,2456,2481
254,2546,2301,2567,2495,2536,2620,2559,2637,2453,2647,2534,2576
255,2614,2364,2588,2551,2604,2492,2590,2582,2584,2540,2477,2674
256,2600,2327,2621,2516,2678,2475,2687,2620,2538,2596,2450,2671
257,2520,2326,2636,2554,2623,2492,2542,2682,2429,2551,2535,2557
258,2654,2408,2575,2442,2602,2479,2543,2580,2535,2605,2563,2659
259,2651,2368,2722,2576,2586,2495,2669,2541,2529,2523,2405,2650
260,2553,2330,2650,2487,2604,2504,2658,2525,2454,2577,2568,2575
261,2587,2366,2590,2435,2537,2550,2582,2648,2499,2560,2500,2555
262,2632,2349,2613,2504,2504,2348,2537,2558,2556,2644,2524,2601
263,2597,2374,2535,2562,2635,2538,2706,2605,2510,2639,2408,2661
264,2617,2382,2590,2526,2625,2491,2658,2541,2533,2672,2504,2618
265,2644,2310,2534,2547,2580,2529,2462,2623,2489,2610,2560,2541
266,2624,2274,2547,2514,2623,2519,2572,2628,2466,2588,2493,2610
267,2552,2329,2608,2507,2683,2416,2631,2556,2550,2678,2467,2669
268,2579,2400,2639,2551,2709,2534,2645,2542,2462,2496,2543,2662
269,2551,2259,2627,2515,2546,2534,2564,2585,2513,2589,2522,2545
270,2564,2367,2657,2533,2583,2513,2556,2688,2480,2507,2567,2564
271,2603,2363,2624,2541,2722,2430,2641,2606,2568,2560,2517,2565
272,2550,2262,2654,2476,2609,2536,2562,2640,2494,2470,2494,2633
273,2538,2320,2561,2529,2621,2460,2610,2627,2418,2571,2437,2576
274,2584,2262,2648,2562,2612,2463,2528,2607,2557,2535,2484,2662
275,2645,2315,2602,2561,2623,2484,2554,2593,2495,2555,2489,2523
276,2623,2266,2573,2588,2665,2579,2577,2451,2507,2493,2465,2686
277,2563,2282,2565,2566,2501,2481,2621,2494,2495,2527,2531,2494
278,2676,2291,2655,2555,2644,2466,2589,2585,2498,2590,2483,2579
279,2582,2376,2520,2544,2556,2474,2746,2566,2475,2632,2436,2604
280,2627,2259,2644,2570,2551,2462,2566,2562,2565,2524,2458,2621
281,2588,2331,2583,2356,2597,2572,2593,2610,2419,2542,2546,2613
282,2543,2373,2551,2478,2522,2517,2624,2590,2481,2555,2484,2640
283,2672,2353,2507,2480,2521,2575,2574,2535,2548,2527,2464,2580
284,2553,2349,2596,2484,2657,2515,2630,2532,2508,2518,2428,2563
285,2621,2250,2618,2521,2575,2503,2530,2601,2533,2623,2419,2572
286,2549,2304,2656,2552,2508,2499,2551,2656,2454,2615,2611,2592
287,2641,2356,2594,2542,2650,2490,2614,2572,2446,2664,2579,2537
288,2612,2386,2550,2546,2581,2488,2624,2648,2512,2550,2524,2583
289,2561,2269,2662,2569,2558,2519,2647,2579,2511,2545,2487,2564
290,2615,2289,2569,2495,2629,2431,2619,2603,2510,2561,2505,2619
291,2681,2264,2648,2535,2543,2419,2545,2522,2510,2647,2485,2560
292,2645,2329,2521,2588,2574,2489,2656,2614,2461,2659,2598,2567
293,2588,2349,2581,2474,2478,2512,2613,2541,2469,2499,2530,2588
294,2517,2361,2611,2444,2688,2444,2595,2531,2520,2601,2472,2567
295,2655,2323,2662,2539,2640,2430,2651,2659,2615,2515,2525,2662
296,2575,2364,2536,2544,2634,2555,2598,2573,2473,2601,2607,2604
297,2552,2325,2628,2562,2575,2509,2590,2654,2528,2611,2531,2667
298,2521,2309,2680,2630,2716,2505,2539,2621,2521,2580,2562,2509
299,2567,2283,2513,2532,2597,2490,2613,2546,2518,2588,2578,2575
300,2478,2290,2586,2504,2557,2513,2584,2636,2530,2618,2450,2606
301,2575,2313,2568,2597,2542,2540,2476,2526,2510,2556,2502,2625
302,2568,2321,2520,2571,2558,2558,2613,2473,2535,2541,2506,2525
303,2613,2352,2485,2528,2645,2465,2535,2588,2491,2618,2465,2545
304,2679,2309,2468,2622,2601,2492,2517,2593,2494,2573,2472,2616
305,2687,2284,2633,2453,2673,2517,2627,2550,2480,2547,2520,2656
306,2511,2283,2674,2468,2493,2619,2621,2651,2450,2622,2546,2667
307,2650,2293,2589,2468,2673,2484,2585,2518,2630,2592,2477,2570
308,2505,2360,2571,2483,2638,2505,2640,2619,2487,2557,2460,2660
309,2551,2337,2599,2434,2604,2465,2579,2698,2488,2543,2526,2563
310,2755,2335,2507,2500,2659,2518,2613,2563,2560,2577,2586,2631
311,2563,2353,2555,2519,2549,2459,2591,2626,2352,2513,2497,2642
312,2608,2292,2646,2547,2569,2454,2603,2604,2504,2585,2603,2562
313,2568,2278,2642,2479,2612,2501,2604,2677,2529,2601,2512,2616
314,2603,2439,2612,2561,2619,2511,2558,2609,2498,2629,2562,2576
315,2565,2441,2531,2545,2567,2533,2726,2592,2524,2613,2466,2677
316,2659,2353,2608,2474,2584,2467,2515,2670,2597,2527,2566,2590
317,2691,2351,2575,2470,2582,2484,2590,2554,2455,2536,2436,2525
318,2551,2353,2672,2583,2626,2542,2586,2516,2507,2563,2526,2531
319,2596,2372,2566,2505,2563,2580,2658,2595,2495,2573,2591,2613
320,2560,2350,2538,2477,2578,2468,2570,2671,2602,2579,2528,2545
321,2489,2326,2663,2513,2662,2471,2553,2582,2490,2605,2543,2554
322,2551,2374,2641,2468,2539,2443,2689,2736,2504,2607,2408,2626
323,2698,2280,2648,2497,2604,2577,2558,2535,2561,2637,2495,2614
324,2597,2319,2616,2426,2577,2589,2672,2618,2495,2500,2517,2575
325,2526,2320,2624,2551,2592,2582,2540,2631,2502,2638,2543,2622
326,2614,2383,2657,2510,2645,2551,2666,2626,2624,2582,2491,2558
327,2596,2342,2676,2519,2563,2519,2595,2533,2468,2519,2554,2592
328,2551,2459,2533,2498,2612,2494,2541,2619,2568,2587,2547,2515
329,2534,2421,2538,2526,2624,2617,2604,2623,2545,2611,2524,2696
330,2577,2367,2602,2512,2557,2430,2611,2641,2569,2577,2471,2657
331,2477,2374,2561,2513,2562,2504,2577,2569,2618,2581,2479,2609
332,2521,2291,2541,2501,2563,2530,2697,2637,2495,2609,2484,2703
333,2596,2310,2460,2454,2550,2550,2637,2590,2485,2526,2497,2502
334,2637,2245,2582,2499,2501,2476,2639,2613,2513,2590,2564,2673
335,2566,2379,2622,2586,2582,2478,2598,2666,2557,2621,2539,2571
336,2541,2314,2590,2453,2660,2473,2556,2545,2489,2623,2606,2651
337,2622,2259,2641,2573,2658,2504,2549,2631,2590,2578,2538,2544
338,2517,2401,2579,2460,2512,2473,2561,2481,2528,2589,2436,2550
339,2577,2336,2598,2489,2567,2542,2619,2520,2462,2645,2503,2532
340,2633,2330,2581,2493,2535,2590,2533,2580,2522,2578,2539,2578
341,2660,2354,2583,2587,2711,2513,2559,2625,2481,2573,2416,2661
342,2549,2330,2585,2574,2574,2556,2601,2567,2509,2576,2493,2641
343,2551,2288,2607,2474,2557,2521,2671,2744,2420,2481,2426,2580
344,2619,2384,2542,2463,2547,2501,2590,2612,2475,2553,2450,2624
345,2599,2378,2634,2532,2582,2442,2582,2541,2518,2669,2495,2522
346,2669,2350,2648,2543,2518,2442,2698,2580,2521,2613,2442,2609
347,2570,2351,2639,2507,2582,2463,2580,2539,2545,2651,2514,2676
348,2534,2291,2592,2518,2615,2574,2565,2687,2443,2520,2549,2762
349,2563,2268,2578,2521,2615,2500,2593,2594,2548,2622,2540,2574
350,2621,2298,2571,2475,2550,2511,2700,2515,2440,2573,2529,2581
351,2547,2375,2546,2440,2647,2629,2664,2667,2464,2561,2561,2610
352,2636,2332,2546,2517,2649,2509,2541,2519,2525,2538,2563,2582
353,2491,2369,2567,2484,2604,2528,2541,2628,2469,2586,2498,2535
354,2550,2266,2624,2515,2635,2470,2610,2596,2535,2515,2492,2609
355,2656,2279,2657,2531,2581,2501,2585,2527,2520,2655,2504,2680
356,2534,2308,2533,2575,2671,2460,2631,2558,2532,2601,2488,2598
357,2468,2405,2531,2479,2707,2471,2554,2550,2457,2548,2431,2558
358,2623,2334,2585,2476,2665,2449,2629,2655,2486,2569,2537,2590
359,2575,2461,2617,2536,2479,2542,2659,2686,2524,2664,2594,2530
360,2588,2341,2695,2484,2549,2583,2587,2583,2535,2613,2465,2597
361,2729,2287,2548,2549,2572,2573,2569,2662,2435,2515,2494,2621
362,2593,2358,2587,2517,2534,2447,2523,2646,2438,2555,2531,2555
363,2621,2296,2610,2599,2525,2480,2697,2534,2460,2595,2535,2687
364,2604,2426,2561,2457,2589,2477,2489,2611,2453,2623,2481,2540
365,2675,2395,2571,2474,2615,2429,2570,2581,2499,2554,2457,2552
366,2595,2388,2570,2565,2600,2580,2605,2654,2609,2675,2535,2563
367,2590,2349,2542,2505,2639,2422,2607,2503,2467,2568,2473,2628
368,2643,2344,2594,2490,2561,2549,2611,2577,2383,2580,2464,2622
369,2528,2346,2641,2517,2666,2367,2645,2561,2486,2513,2522,2643
370,2592,2302,2591,2477,2567,2446,2586,2544,2476,2623,2512,2502
371,2663,2304,2662,2518,2614,2554,2598,2508,2526,2590,2516,2568
372,2614,2362,2595,2532,2532,2458,2518,2616,2553,2610,2552,2570
373,2632,2400,2599,2554,2634,2380,2655,2484,2557,2590,2515,2594
374,2556,2341,2645,2402,2471,2562,2647,2607,2544,2537,2472,2635
375,2597,2335,2523,2460,2684,2514,2564,2648,2597,2539,2552,2639
376,2546,2268,2583,2513,2538,2402,2587,2553,2490,2499,2574,2644
377,2590,2366,2646,2540,2550,2525,2530,2548,2519,2596,2484,2654
378,2591,2278,2801,2392,2595,2471,2485,2611,2456,2637,2494,2569
379,2545,2343,2563,2493,2525,2526,2599,2607,2596,2591,2511,2605
380,2638,2389,2575,2517,2545,2549,2639,2572,2544,2637,2561,2620
381,2611,2321,2607,2542,2556,2452,2531,2551,2378,2594,2607,2588
382,2588,2323,2586,2519,2557,2499,2495,2614,2467,2652,2508,2637
383,2655,2292,2542,2566,2590,2500,2603,2572,2473,2597,2478,2622
384,2616,2256,2500,2485,2637,2544,2637,2629,2497,2553,2526,2609
385,2495,2370,2633,2538,2603,2555,2642,2584,2401,2559,2518,2488
386,2615,2329,2578,2511,2615,2455,2644,2588,2519,2640,2544,2522
387,2515,2283,2557,2531,2612,2549,2581,2518,2571,2536,2512,2626
388,2599,2424,2521,2497,2650,2428,2622,2580,2545,2504,2471,2659
389,2568,2309,2624,2548,2574,2541,2638,2586,2546,2526,2478,2611
390,2637,2345,2572,2522,2640,2598,2594,2478,2521,2607,2488,2578
391,2629,2363,2548,2522,2626,2546,2643,2582,2566,2496,2464,2523
392,2606,2305,2588,2523,2562,2571,2496,2563,2496,2680,2491,2549
393,2501,2363,2574,2567,2605,2534,2521,2577,2421,2526,2509,2556
394,2720,2394,2627,2585,2489,2387,2625,2571,2522,2540,2534,2580
395,2575,2302,2627,2480,2562,2486,2601,2547,2480,2533,2569,2543
396,2610,2304,2665,2520,2501,2603,2605,2635,2455,2552,2454,2599
397,2531,2328,2611,2501,2595,2502,2471,2618,2568,2591,2408,2649
398,2541,2319,2602,2530,2515,2491,2627,2605,2504,2581,2474,2642
399,2555,2346,2599,2530,2588,2517,2479,2588,2502,2626,2531,2543
400,2600,2336,2547,2537,2630,2416,2565,2640,2533,2591,2517,2510
401,2471,2325,2627,2543,2592,2533,2672,2510,2468,2572,2495,2592
402,2620,2309,2563,2411,2685,2507,2546,2593,2432,2627,2441,2493
403,2579,2239,2657,2403,2651,2545,2592,2637,2514,2561,2405,2563
404,2571,2335,2649,2621,2578,2511,2581,2619,2528,2573,2540,2635
405,2633,2360,2609,2540,2607,2514,2506,2521,2388,2604,2599,2625
406,2551,2400,2611,2549,2535,2460,2557,2480,2477,2562,2494,2665
407,2490,2301,2477,2566,2590,2480,2530,2548,2489,2567,2527,2611
408,2657,2352,2673,2542,2536,2524,2654,2628,2489,2521,2529,2581
409,2528,2355,2511,2459,2586,2452,2608,2578,2460,2581,2502,2559
410,2606,2291,2574,2499,2518,2499,2497,2558,2518,2547,2483,2609
411,2581,2254,2462,2514,2656,2506,2618,2566,2507,2536,2521,2614
412,2542,2404,2474,2541,2619,2557,2618,2630,2532,2562,2448,2635
413,2598,2304,2610,2493,2541,2484,2576,2619,2550,2650,2467,2608
414,2599,2272,2649,2505,2523,2615,2653,2567,2554,2658,2445,2667
415,2564,2347,2617,2579,2518,2460,2677,2569,2387,2614,2643,2474
416,2548,2378,2561,2509,2563,2515,2622,2658,2525,2641,2520,2680
417,2646,2268,2622,2488,2543,2467,2585,2572,2515,2578,2563,2578
418,2554,2296,2621,2566,2622,2566,2519,2593,2519,2590,2543,2593
419,2658,2392,2564,2569,2593,2524,2559,2542,2404,2604,2473,2614
420,2676,2352,2569,2455,2525,2632,2647,2691,2521,2601,2526,2632
421,2568,2384,2588,2538,2646,2513,2591,2622,2568,2663,2431,2619
422,2629,2390,2614,2577,2639,2558,2552,2640,2541,2616,2510,2573
423,2559,2380,2485,2535,2624,2503,2541,2478,2535,2567,2511,2678
424,2554,2451,2575,2476,2615,2469,2659,2602,2510,2542,2585,2603
425,2592,2293,2665,2431,2562,2422,2626,2562,2425,2590,2455,2618
426,2494,2416,2690,2433,2543,2455,2621,2549,2505,2601,2515,2683
427,2586,2329,2546,2431,2591,2534,2588,2525,2581,2613,2584,2675
428,2509,2271,2598,2491,2510,2449,2633,2653,2485,2622,2540,2664
429,2562,2384,2571,2563,2535,2478,2519,2478,2496,2638,2477,2641
430,2642,2339,2632,2502,2573,2597,2525,2485,2438,2593,2515,2619
431,2571,2392,2616,2453,2559,2450,2586,2543,2478,2624,2443,2563
432,2522,2442,2416,2509,2541,2490,2700,2607,2397,2601,2526,2597
433,2593,2317,2545,2523,2510,2559,2532,2584,2515,2617,2462,2558
434,2656,2346,2607,2519,2607,2514,2625,2607,2492,2573,2555,2573
435,2642,2342,2594,2555,2661,2455,2556,2698,2510,2576,2401,2626
436,2618,2351,2482,2487,2593,2427,2534,2567,2439,2643,2560,2514
437,2655,2322,2600,2523,2557,2489,2448,2602,2496,2525,2442,2644
438,2652,2323,2567,2497,2664,2522,2672,2551,2524,2609,2527,2589
439,2560,2357,2570,2583,2529,2455,2655,2613,2423,2651,2400,2541
440,2522,2346,2573,2555,2684,2538,2615,2551,2484,2617,2546,2565
441,2579,2344,2628,2493,2635,2434,2643,2609,2494,2490,2570,2525
442,2670,2345,2664,2574,2600,2471,2707,2599,2530,2600,2527,2537
443,2509,2333,2615,2471,2664,2565,2607,2537,2564,2558,2490,2552
444,2575,2417,2519,2551,2630,2441,2544,2606,2525,2586,2637,2631
445,2592,2303,2590,2489,2577,2475,2615,2566,2524,2596,2500,2673
446,2487,2333,2557,2519,2579,2514,2572,2566,2463,2598,2497,2560
447,2627,2289,2618,2624,2664,2609,2524,2542,2503,2555,2635,2599
448,2569,2394,2566,2613,2685,2405,2571,2612,2459,2654,2556,2614
449,2545,2345,2649,2475,2512,2514,2644,2547,2515,2592,2555,2659
450,2617,2329,2642,2544,2594,2494,2596,2560,2472,2680,2502,2637
451,2575,2374,2635,2533,2594,2537,2688,2558,2564,2542,2563,2591
452,2518,2310,2590,2515,2543,2473,2621,2664,2448,2612,2463,2598
453,2600,2397,2450,2454,2533,2507,2578,2585,2477,2640,2422,2577
454,2610,2376,2556,2402,2644,2498,2648,2506,2439,2626,2600,2549
455,2639,2277,2559,2534,2608,2528,2580,2571,2537,2539,2483,2565
456,2575,2328,2534,2546,2604,2471,2605,2609,2510,2627,2568,2569
457,2591,2340,2658,2573,2614,2527,2542,2601,2463,2582,2570,2610
458,2624,2330,2610,2546,2520,2486,2560,2670,2510,2609,2549,2646
459,2554,2334,2519,2588,2560,2485,2648,2541,2566,2695,2513,2568
460,2565,2245,2524,2519,2597,2518,2564,2631,2515,2572,2436,2564
461,2643,2456,2676,2503,2474,2462,2634,2515,2536,2605,2482,2628
462,2476,2379,2676,2534,2546,2482,2471,2573,2555,2567,2578,2596
463,2541,2262,2616,2556,2543,2464,2587,2602,2469,2597,2486,2622
464,2665,2346,2619,2570,2583,2533,2591,2628,2516,2634,2444,2523
465,2518,2327,2598,2462,2648,2423,2625,2589,2479,2501,2512,2586
466,2629,2365,2512,2587,2631,2579,2633,2585,2469,2615,2500,2548
467,2554,2375,2633,2550,2573,2473,2632,2555,2510,2626,2521,2607
468,2606,2300,2564,2490,2546,2513,2594,2668,2533,2632,2523,2578
469,2496,2239,2625,2605,2562,2566,2691,2556,2558,2530,2474,2580
470,2617,2317,2573,2511,2550,2529,2593,2588,2506,2531,2475,2665
471,2617,2322,2561,2486,2515,2485,2612,2535,2441,2657,2517,2612
472,2603,2412,2529,2471,2634,2556,2576,2548,2568,2486,2493,2572
473,2569,2251,2661,2537,2502,2573,2490,2568,2513,2620,2493,2547
474,2634,2342,2540,2505,2569,2454,2551,2609,2480,2631,2529,2589
475,2608,2255,2678,2648,2628,2464,2562,2591,2512,2613,2446,2663
476,2548,2341,2612,2460,2593,2402,2548,2657,2483,2537,2603,2585
477,2574,2377,2553,2589,2608,2447,2621,2591,2577,2528,2490,2714
478,2654,2401,2522,2645,2617,2561,2674,2483,2497,2602,2504,2599
479,2672,2268,2663,2523,2526,2452,2641,2605,2585,2587,2568,2585
480,2576,2384,2602,2490,2684,2497,2566,2574,2524,2570,2540,2633
481,2683,2358,2615,2517,2548,2415,2532,2549,2462,2556,2532,2590
482,2639,2303,2581,2487,2608,2477,2713,2612,2571,2545,2558,2554
483,2571,2384,2561,2496,2610,2463,2510,2592,2605,2564,2449,2462
484,2554,2255,2616,2548,2573,2550,2527,2508,2464,2539,2499,2586
485,2582,2307,2612,2497,2606,2482,2559,2555,2533,2678,2554,2533
486,2553,2364,2542,2396,2611,2509,2567,2584,2617,2668,2546,2645
487,2609,2262,2537,2506,2612,2436,2638,2542,2491,2546,2557,2599
488,2531,2306,2645,2490,2585,2600,2655,2565,2523,2682,2435,2698
489,2648,2329,2619,2614,2558,2541,2564,2624,2529,2542,2509,2736
490,2568,2390,2574,2547,2678,2436,2526,2578,2531,2672,2547,2651
491,2542,2283,2570,2535,2451,2483,2542,2608,2461,2612,2400,2602
492,2553,2337,2613,2534,2540,2516,2632,2580,2462,2657,2465,2625
493,2592,2356,2613,2510,2636,2520,2622,2676,2478,2646,2564,2617
494,2643,2339,2624,2487,2566,2558,2615,2632,2456,2661,2573,2582
495,2517,2284,2554,2457,2613,2497,2704,2518,2519,2626,2556,2663
496,2589,2351,2586,2558,2604,2589,2634,2620,2526,2608,2510,2609
497,2606,2382,2510,2441,2679,2490,2609,2543,2499,2612,2534,2617
498,2626,2344,2565,2597,2604,2521,2622,2521,2504,2567,2498,2604
499,2581,2367,2681,2385,2661,2447,2609,2590,2464,2520,2488,2532
500,2666,2211,2512,2507,2664,2481,2623,2493,2542,2568,2575,2603
501,2604,2387,2620,2531,2575,2475,2635,2648,2513,2584,2497,2583
502,2655,2371,2594,2497,2576,2513,2693,2585,2543,2587,2487,2578
503,2654,2277,2636,2515,2569,2492,2606,2571,2464,2561,2549,2647
504,2579,2326,2604,2505,2671,2503,2514,2635,2577,2545,2506,2582
505,2556,2289,2543,2577,2581,2524,2627,2593,2399,2603,2553,2640
506,2554,2314,2599,2490,2652,2434,2654,2606,2419,2605,2510,2623
507,2634,2292,2666,2451,2572,2519,2592,2569,2425,2591,2545,2648
508,2588,2250,2577,2412,2537,2423,2623,2600,2526,2656,2559,2561
509,2546,2419,2507,2487,2681,2399,2578,2594,2503,2612,2492,2694
510,2527,2310,2561,2482,2615,2559,2691,2585,2467,2611,2529,2584
511,2572,2357,2636,2546,2605,2517,2581,2624,2476,2467,2503,2553
512,2576,2316,2571,2486,2586,2481,2595,2626,2482,2566,2482,2569
513,2592,2375,2459,2521,2575,2453,2611,2568,2428,2541,2606,2566
514,2605,2372,2565,2448,2574,2471,2596,2691,2609,2616,2453,2562
515,2591,2366,2647,2478,2551,2508,2552,2589,2473,2594,2540,2653
516,2622,2329,2531,2554,2528,2527,2592,2673,2494,2593,2479,2624
517,2594,2323,2612,2638,2552,2511,2558,2519,2518,2597,2589,2645
518,2523,2362,2622,2475,2503,2616,2605,2688,2509,2620,2496,2609
519,2587,2348,2618,2611,2520,2523,2579,2604,2494,2642,2581,2660
520,2530,2295,2619,2574,2545,2529,2551,2563,2453,2551,2519,2523
521,2666,2289,2520,2555,2625,2529,2599,2669,2487,2592,2430,2613
522,2567,2337,2508,2508,2609,2379,2675,2527,2489,2517,2500,2551
523,2631,2362,2619,2551,2518,2623,2609,2625,2522,2587,2534,2580
524,2608,2416,2530,2498,2684,2495,2598,2548,2523,2648,2443,2525
525,2548,2334,2599,2456,2579,2427,2590,2560,2509,2539,2469,2535
526,2595,2313,2671,2616,2684,2500,2536,2588,2485,2567,2577,2599
527,2537,2335,2546,2538,2504,2482,2512,2547,2505,2598,2546,2490
528,2530,2340,2599,2621,2618,2444,2588,2629,2506,2573,2546,2494
529,2572,2325,2600,2451,2619,2598,2483,2496,2531,2563,2506,2536
530,2457,2382,2676,2583,2565,2533,2487,2641,2563,2603,2442,2709
531,2625,2357,2665,2430,2563,2564,2644,2597,2564,2537,2510,2545
532,2603,2389,2506,2469,2653,2504,2525,2670,2569,2565,2446,2513
533,2588,2349,2565,2559,2551,2541,2533,2653,2645,2496,2559,2495
534,2580,2295,2653,2469,2614,2569,2577,2602,2528,2592,2487,2637
535,2606,2377,2582,2545,2643,2602,2626,2616,2525,2584,2566,2484
536,2609,2334,2503,2402,2608,2457,2554,2600,2525,2522,2468,2591
537,2536,2210,2587,2535,2632,2485,2672,2592,2481,2656,2505,2585
538,2632,2340,2546,2506,2600,2516,2618,2594,2512,2606,2536,2549
539,2646,2300,2562,2614,2529,2493,2552,2707,2436,2628,2555,2601
540,2543,2348,2566,2596,2605,2470,2587,2632,2449,2492,2670,2574
541,2555,2434,2671,2493,2633,2501,2541,2703,2538,2587,2555,2568
542,2616,2372,2643,2437,2570,2615,2588,2594,2504,2574,2506,2609
543,2568,2347,2587,2521,2656,2503,2588,2649,2528,2543,2514,2555
544,2633,2425,2582,2470,2609,2544,2546,2684,2424,2590,2454,2565
545,2498,2430,2617,2413,2596,2551,2696,2560,2534,2600,2491,2596
546,2643,2286,2559,2495,2577,2565,2583,2586,2471,2589,2508,2549
547,2612,2332,2526,2559,2608,2557,2518,2494,2517,2645,2411,2638
548,2544,2254,2489,2497,2577,2491,2642,2549,2550,2629,2475,2638
549,2624,2354,2578,2547,2625,2564,2569,2602,2396,2570,2540,2623
550,2653,2355,2592,2508,2637,2530,2644,2591,2632,2595,2389,2588
551,2584,2335,2555,2528,2663,2489,2552,2566,2478,2564,2434,2645
552,2648,2311,2473,2494,2570,2527,2649,2624,2418,2615,2542,2544
553,2554,2357,2550,2560,2560,2509,2614,2504,2473,2571,2537,2533
554,2650,2330,2710,2529,2626,2449,2676,2651,2541,2509,2420,2602
555,2566,2321,2668,2522,2575,2594,2635,2567,2495,2570,2601,2506
556,2549,2308,2676,2601,2651,2535,2611,2627,2544,2509,2509,2576
557,2566,2276,2563,2458,2622,2495,2576,2643,2559,2559,2483,2542
558,2604,2262,2596,2496,2611,2487,2511,2623,2545,2544,2497,2563
559,2615,2313,2584,2443,2498,2456,2609,2582,2502,2620,2525,2686
560,2689,2332,2506,2435,2568,2499,2632,2563,2586,2557,2458,2583
561,2595,2378,2481,2654,2579,2519,2686,2577,2491,2651,2421,2484
562,2606,2357,2578,2564,2646,2566,2666,2682,2519,2574,2495,2571
563,2610,2309,2641,2504,2532,2501,2645,2603,2451,2623,2598,2551
564,2564,2268,2646,2572,2619,2532,2496,2598,2521,2579,2525,2586
565,2694,2271,2573,2502,2549,2534,2633,2569,2494,2558,2539,2515
566,2548,2413,2583,2522,2589,2542,2562,2576,2467,2573,2491,2610
567,2678,2339,2591,2526,2574,2537,2661,2603,2438,2604,2416,2583
568,2569,2383,2641,2517,2605,2597,2524,2617,2476,2567,2422,2602
569,2598,2318,2595,2599,2578,2513,2538,2546,2447,2562,2554,2663
570,2606,2453,2614,2507,2607,2523,2649,2614,2460,2652,2529,2596
571,2498,2219,2597,2539,2610,2715,2574,2522,2530,2616,2546,2623
572,2485,2373,2617,2475,2610,2552,2546,2562,2566,2461,2504,2649
573,2554,2352,2559,2530,2564,2568,2635,2565,2439,2673,2481,2568
574,2596,2318,2578,2411,2677,2581,2663,2626,2450,2514,2552,2684
575,2581,2302,2613,2491,2613,2570,2660,2639,2557,2651,2485,2541
576,2465,2278,2604,2504,2575,2649,2564,2544,2419,2655,2522,2660
577,2677,2363,2575,2474,2560,2422,2630,2640,2472,2639,2554,2565
578,2650,2322,2562,2559,2533,2505,2643,2534,2525,2700,2506,2620
579,2578,2312,2490,2527,2527,2486,2575,2543,2511,2613,2424,2557
580,2501,2366,2493,2519,2575,2469,2563,2624,2527,2570,2534,2650
581,2665,2296,2609,2627,2572,2485,2595,2618,2491,2550,2508,2597
582,2496,2315,2652,2591,2636,2539,2501,2632,2475,2529,2527,2641
583,2637,2281,2675,2454,2592,2509,2618,2573,2388,2648,2491,2708
584,2598,2333,2521,2463,2551,2494,2671,2528,2429,2641,2571,2649
585,2593,2385,2579,2446,2582,2469,2618,2552,2531,2668,2431,2522
586,2598,2339,2639,2456,2623,2459,2597,2537,2479,2648,2488,2558
587,2583,2378,2597,2420,2558,2621,2636,2606,2459,2594,2559,2551
588,2522,2311,2520,2563,2578,2559,2717,2618,2443,2531,2475,2538
589,2500,2277,2532,2483,2611,2553,2661,2652,2508,2537,2531,2601
590,2530,2412,2551,2501,2569,2517,2594,2596,2558,2703,2536,2534
591,2633,2308,2598,2624,2511,2573,2552,2610,2467,2639,2400,2591
592,2654,2427,2538,2535,2552,2584,2549,2582,2494,2622,2497,2600
593,2607,2367,2594,2526,2579,2518,2563,2572,2563,2584,2430,2600
594,2606,2314,2672,2476,2640,2563,2670,2602,2477,2508,2549,2579
595,2576,2328,2590,2556,2585,2446,2564,2611,2505,2516,2511,2540
596,2514,2341,2628,2535,2543,2447,2470,2518,2491,2691,2491,2595
597,2581,2475,2639,2534,2602,2525,2555,2632,2547,2595,2477,2546
598,2567,2353,2677,2415,2594,2467,2573,2640,2534,2609,2514,2519
599,2565,2394,2613,2458,2573,2548,2757,2655,2532,2519,2519,2653
600,2526,2314,2645,2497,2658,2416,2653,2605,2599,2660,2435,2646
601,2558,2313,2502,2573,2659,2528,2511,2653,2584,2652,2426,2613
602,2454,2320,2696,2560,2685,2509,2532,2525,2478,2604,2485,2578
603,2508,2265,2586,2489,2678,2532,2614,2656,2525,2575,2585,2613
604,2646,2375,2465,2511,2548,2536,2686,2512,2537,2585,2519,2666
605,2653,2427,2562,2484,2565,2468,2659,2586,2598,2544,2452,2582
606,2758,2295,2654,2536,2565,2430,2525,2537,2516,2606,2447,2600
607,2467,2302,2576,2463,2675,2450,2536,2612,2521,2622,2561,2647
608,2578,2359,2549,2515,2616,2455,2620,2578,2501,2521,2538,2537
609,2633,2417,2555,2454,2510,2441,2613,2674,2520,2530,2527,2616
610,2625,2302,2525,2493,2515,2367,2633,2587,2473,2577,2504,2626
611,2582,2344,2669,2569,2552,2427,2638,2587,2523,2536,2548,2621
612,2667,2343,2647,2577,2672,2552,2573,2570,2485,2600,2535,2636
613,2528,2339,2579,2538,2563,2495,2568,2528,2472,2560,2495,2642
614,2622,2374,2593,2559,2561,2465,2624,2570,2527,2696,2521,2608
615,2521,2373,2600,2465,2655,2405,2664,2602,2458,2595,2510,2550
616,2523,2290,2682,2530,2613,2481,2540,2538,2455,2636,2425,2629
617,2619,2425,2630,2521,2594,2469,2573,2495,2491,2552,2513,2683
618,2535,2300,2539,2399,2632,2515,2582,2563,2481,2532,2508,2613
619,2569,2345,2667,2538,2554,2579,2639,2430,2515,2637,2462,2652
620,2525,2354,2597,2394,2593,2501,2560,2620,2479,2560,2481,2493
621,2609,2337,2587,2425,2556,2536,2527,2629,2446,2609,2528,2668
622,2597,2417,2567,2531,2610,2508,2536,2636,2463,2544,2604,2643
623,2730,2274,2629,2469,2547,2535,2571,2586,2559,2558,2504,2609
624,2548,2295,2540,2459,2576,2561,2575,2555,2611,2495,2480,2563
625,2565,2385,2599,2364,2655,2473,2521,2500,2456,2593,2407,2610
626,2658,2312,2659,2523,2625,2515,2606,2586,2523,2623,2499,2614
627,2539,2261,2609,2515,2535,2583,2583,2602,2532,2597,2469,2557
628,2592,2360,2568,2601,2609,2502,2603,2637,2554,2518,2484,2586
629,2554,2281,2575,2555,2621,2427,2529,2589,2511,2523,2509,2563
630,2536,2408,2543,2526,2536,2525,2584,2624,2447,2635,2559,2602
631,2595,2421,2674,2483,2624,2504,2631,2637,2403,2665,2489,2546
632,2515,2324,2573,2586,2671,2588,2593,2522,2486,2579,2450,2641
633,2558,2303,2666,2495,2543,2510,2638,2603,2488,2611,2465,2679
634,2577,2332,2543,2558,2530,2505,2522,2585,2580,2616,2556,2659
635,2560,2313,2598,2544,2519,2602,2486,2667,2543,2633,2528,2603
636,2632,2394,2630,2530,2592,2512,2602,2632,2525,2546,2557,2644
637,2642,2242,2570,2446,2524,2592,2604,2521,2492,2631,2491,2609
638,2620,2309,2549,2443,2647,2640,2570,2541,2537,2535,2514,2598
639,2659,2377,2532,2462,2532,2507,2466,2480,2549,2497,2456,2572
640,2574,2347,2567,2530,2538,2491,2575,2562,2533,2533,2505,2607
641,2576,2311,2653,2566,2599,2581,2670,2554,2491,2594,2574,2648
642,2697,2353,2648,2581,2597,2531,2617,2545,2472,2619,2553,2521
643,2694,2369,2583,2486,2619,2538,2522,2499,2474,2552,2525,2547
644,2594,2399,2519,2408,2568,2472,2553,2575,2518,2680,2456,2586
645,2501,2379,2628,2539,2546,2437,2554,2557,2499,2571,2529,2511
646,2581,2378,2619,2487,2591,2502,2547,2571,2667,2595,2434,2531
647,2619,2287,2574,2500,2554,2455,2643,2518,2536,2690,2451,2631
648,2534,2380,2559,2495,2636,2574,2560,2559,2572,2538,2488,2588
649,2602,2383,2628,2632,2658,2580,2564,2500,2471,2635,2521,2520
650,2638,2289,2550,2515,2508,2457,2609,2581,2537,2510,2443,2610
651,2551,2292,2625,2545,2568,2506,2599,2691,2454,2649,2485,2578
652,2618,2364,2650,2505,2534,2428,2603,2612,2527,2596,2475,2623
653,2619,2384,2554,2411,2480,2534,2591,2539,2530,2449,2521,2570
654,2583,2305,2630,2494,2543,2465,2634,2548,2479,2601,2453,2566
655,2549,2347,2677,2486,2555,2510,2617,2665,2528,2656,2496,2577
656,2622,2275,2611,2526,2649,2519,2572,2571,2502,2593,2422,2528
657,2488,2341,2561,2542,2538,2503,2643,2546,2508,2490,2469,2593
658,2542,2321,2558,2553,2621,2514,2542,2572,2540,2591,2512,2651
659,2609,2337,2552,2551,2631,2475,2675,2625,2408,2548,2556,2621
660,2653,2411,2583,2552,2475,2471,2598,2556,2518,2472,2440,2558
661,2564,2293,2645,2511,2584,2521,2578,2605,2601,2668,2486,2491
662,2678,2260,2509,2527,2539,2444,2549,2594,2553,2549,2499,2539
663,2610,2271,2676,2525,2602,2543,2589,2612,2532,2710,2568,2552
664,2569,2444,2622,2540,2605,2393,2612,2554,2569,2688,2480,2516
665,2600,2249,2635,2527,2589,2602,2571,2567,2476,2611,2572,2676
666,2585,2329,2619,2460,2587,2506,2565,2521,2543,2476,2488,2623
667,2630,2386,2559,2502,2551,2460,2639,2558,2525,2604,2459,2646
668,2611,2278,2608,2477,2545,2450,2635,2624,2489,2600,2552,2581
669,2558,2287,2590,2538,2652,2499,2533,2554,2529,2628,2491,2569
670,2522,2318,2537,2445,2561,2482,2580,2634,2520,2503,2525,2550
671,2598,2210,2505,2614,2594,2452,2577,2543,2491,2583,2558,2710
672,2660,2350,2616,2535,2602,2530,2596,2633,2527,2558,2462,2515
673,2567,2295,2617,2519,2639,2569,2649,2617,2535,2503,2581,2619
674,2532,2246,2667,2514,2622,2543,2727,2656,2515,2607,2485,2597
675,2542,2331,2620,2509,2553,2549,2635,2650,2563,2617,2535,2673
676,2560,2290,2608,2435,2635,2455,2614,2574,2484,2544,2492,2604
677,2564,2311,2575,2577,2632,2433,2689,2598,2522,2550,2447,2606
678,2618,2319,2604,2476,2667,2560,2689,2590,2631,2639,2472,2678
679,2591,2319,2556,2593,2619,2426,2618,2585,2547,2720,2542,2561
680,2568,2324,2658,2573,2548,2515,2698,2540,2457,2520,2552,2546
681,2564,2331,2647,2522,2604,2539,2599,2680,2535,2602,2478,2656
682,2653,2324,2608,2559,2658,2555,2592,2621,2510,2615,2567,2617
683,2561,2340,2471,2559,2631,2519,2602,2617,2592,2548,2491,2548
684,2564,2359,2525,2457,2632,2447,2545,2524,2442,2498,2434,2495
685,2592,2268,2647,2610,2599,2606,2527,2560,2480,2556,2544,2609
686,2472,2264,2577,2530,2645,2451,2595,2543,2583,2558,2527,2630
687,2561,2327,2598,2509,2550,2546,2540,2628,2441,2526,2492,2585
688,2630,2261,2568,2501,2666,2571,2618,2571,2513,2571,2574,2544
689,2622,2360,2596,2537,2667,2489,2718,2629,2620,2603,2491,2519
690,2652,2354,2631,2599,2614,2476,2686,2568,2563,2591,2471,2680
691,2666,2373,2618,2497,2617,2535,2618,2550,2482,2562,2519,2589
692,2625,2260,2564,2502,2581,2522,2623,2588,2479,2570,2503,2618
693,2613,2288,2571,2544,2549,2523,2605,2566,2398,2603,2478,2565
694,2593,2371,2579,2590,2569,2402,2672,2568,2581,2596,2490,2523
695,2630,2368,2629,2601,2638,2507,2551,2661,2428,2676,2540,2568
696,2574,2345,2562,2491,2673,2458,2590,2604,2627,2569,2528,2646
697,2538,2262,2502,2547,2601,2512,2565,2548,2586,2606,2496,2615
698,2549,2240,2519,2521,2615,2458,2568,2583,2578,2601,2491,2616
699,2599,2330,2641,2505,2595,2594,2646,2598,2513,2454,2466,2559
700,2628,2343,2652,2552,2550,2569,2618,2530,2545,2643,2470,2518
701,2536,2359,2566,2502,2586,2511,2617,2477,2445,2663,2548,2589
702,2555,2349,2588,2468,2567,2505,2637,2671,2503,2494,2494,2608
703,2595,2348,2596,2482,2567,2496,2590,2616,2535,2514,2608,2558
704,2664,2390,2503,2428,2611,2562,2635,2555,2479,2599,2486,2549
705,2645,2268,2632,2510,2612,2553,2500,2675,2488,2583,2554,2537
706,2645,2328,2629,2503,2574,2545,2697,2600,2570,2560,2432,2541
707,2526,2235,2611,2526,2596,2527,2520,2551,2552,2533,2448,2678
708,2566,2389,2579,2571,2621,2507,2539,2569,2507,2460,2524,2617
709,2611,2357,2529,2458,2658,2541,2580,2626,2443,2603,2516,2564
710,2569,2324,2605,2456,2502,2424,2569,2670,2553,2569,2516,2606
711,2577,2366,2671,2547,2528,2605,2608,2721,2490,2550,2479,2540
712,2566,2336,2652,2537,2494,2523,2571,2640,2533,2600,2575,2572
713,2620,2403,2571,2487,2517,2597,2596,2616,2494,2523,2416,2665
714,2478,2365,2698,2485,2563,2493,2652,2651,2431,2564,2535,2584
715,2666,2345,2672,2575,2554,2502,2637,2507,2480,2518,2546,2640
716,2655,2243,2652,2560,2592,2389,2595,2671,2437,2522,2508,2563
717,2618,2389,2581,2568,2666,2493,2558,2533,2518,2606,2479,2561
718,2657,2333,2657,2468,2599,2499,2608,2660,2500,2585,2616,2552
719,2600,2338,2579,2583,2692,2536,2633,2559,2466,2708,2479,2558
720,2554,2344,2649,2571,2600,2487,2648,2550,2479,2600,2496,2569
721,2604,2241,2627,2512,2579,2494,2523,2626,2512,2571,2566,2525
722,2662,2346,2576,2593,2554,2484,2565,2607,2465,2629,2478,2635
723,2597,2346,2533,2537,2578,2435,2607,2607,2494,2607,2601,2631
724,2579,2379,2623,2505,2688,2518,2609,2588,2494,2682,2454,2578
725,2645,2317,2559,2482,2530,2556,2669,2566,2494,2654,2547,2532
726,2627,2246,2600,2451,2600,2484,2627,2592,2502,2632,2548,2559
727,2527,2405,2606,2500,2593,2538,2513,2471,2466,2579,2390,2650
728,2461,2361,2548,2527,2574,2508,2632,2589,2423,2640,2494,2581
729,2560,2363,2569,2513,2544,2508,2697,2556,2532,2620,2514,2595
730,2595,2363,2590,2543,2609,2474,2411,2612,2529,2541,2534,2601
731,2577,2299,2755,2550,2642,2506,2625,2538,2423,2663,2583,2569
732,2620,2319,2602,2409,2656,2433,2622,2580,2582,2503,2500,2563
733,2583,2385,2545,2488,2519,2466,2643,2501,2496,2573,2402,2660
734,2571,2330,2701,2511,2615,2493,2588,2625,2534,2628,2487,2530
735,2672,2318,2654,2520,2466,2504,2616,2559,2608,2578,2523,2591
736,2501,2275,2568,2605,2503,2476,2620,2628,2408,2605,2565,2574
737,2576,2344,2579,2493,2555,2435,2684,2584,2468,2599,2617,2697
738,2550,2301,2491,2561,2508,2497,2638,2571,2604,2586,2491,2542
739,2545,2358,2609,2496,2553,2495,2594,2559,2419,2704,2473,2592
740,2566,2404,2680,2519,2621,2513,2556,2621,2445,2545,2474,2575
741,2612,2351,2530,2552,2531,2520,2645,2511,2532,2708,2514,2582
742,2527,2369,2601,2561,2622,2527,2562,2602,2501,2544,2390,2499
743,2592,2313,2532,2568,2652,2442,2594,2619,2525,2578,2487,2599
744,2591,2392,2593,2502,2534,2532,2538,2512,2457,2462,2471,2624
745,2527,2308,2544,2526,2595,2496,2525,2562,2468,2637,2534,2734
746,2635,2352,2588,2452,2625,2503,2540,2556,2516,2564,2622,2585
747,2591,2267,2642,2464,2614,2513,2506,2632,2511,2575,2494,2563
748,2680,2310,2553,2531,2502,2505,2550,2575,2494,2481,2475,2597
749,2611,2307,2655,2623,2600,2476,2580,2539,2478,2675,2507,2500
750,2468,2326,2638,2473,2596,2496,2651,2502,2499,2677,2497,2573
751,2591,2285,2588,2451,2578,2507,2639,2633,2423,2603,2524,2532
752,2575,2322,2542,2599,2565,2548,2557,2600,2483,2561,2464,2669
753,2565,2340,2598,2625,2653,2441,2532,2546,2527,2639,2555,2570
754,2552,2383,2553,2549,2586,2491,2566,2633,2530,2523,2454,2566
755,2585,2378,2568,2584,2611,2525,2610,2586,2497,2583,2458,2554
756,2553,2335,2505,2510,2605,2593,2730,2523,2585,2627,2540,2684
757,2564,2381,2554,2481,2584,2540,2687,2649,2551,2539,2547,2602
758,2665,2390,2639,2599,2524,2483,2587,2608,2600,2481,2560,2633
759,2598,2369,2641,2484,2630,2489,2591,2681,2476,2505,2524,2631
760,2605,2300,2567,2457,2618,2518,2619,2618,2558,2698,2569,2596
761,2543,2369,2572,2537,2563,2481,2654,2602,2540,2629,2518,2576
762,2532,2290,2592,2521,2552,2532,2573,2549,2504,2584,2540,2562
763,2558,2314,2558,2420,2584,2523,2592,2619,2477,2673,2480,2618
764,2625,2349,2641,2522,2507,2539,2626,2616,2453,2596,2494,2653
765,2587,2439,2554,2505,2565,2450,2687,2531,2412,2585,2522,2556
766,2622,2216,2615,2531,2495,2443,2589,2616,2423,2637,2539,2661
767,2639,2283,2574,2422,2545,2491,2512,2557,2488,2487,2490,2562
768,2581,2394,2601,2473,2480,2566,2569,2579,2535,2578,2516,2568
769,2550,2258,2548,2498,2575,2489,2477,2560,2585,2623,2491,2652
770,2588,2405,2648,2486,2607,2552,2632,2623,2570,2571,2488,2571
771,2596,2355,2633,2570,2561,2479,2523,2565,2443,2603,2488,2469
772,2661,2217,2652,2527,2578,2499,2605,2680,2531,2576,2555,2491
773,2623,2330,2583,2588,2692,2513,2640,2562,2620,2591,2545,2622
774,2578,2278,2621,2477,2567,2436,2601,2608,2477,2557,2532,2626
775,2507,2237,2574,2472,2618,2459,2551,2615,2601,2664,2405,2609
776,2581,2339,2546,2499,2587,2598,2597,2552,2477,2587,2508,2592
777,2630,2321,2556,2580,2583,2477,2538,2564,2545,2543,2465,2564
778,2545,2366,2580,2511,2623,2412,2652,2646,2502,2591,2510,2582
779,2488,2386,2661,2488,2563,2574,2664,2565,2426,2567,2539,2691
780,2632,2397,2647,2482,2591,2561,2674,2567,2496,2593,2525,2561
781,2562,2381,2597,2534,2676,2434,2668,2530,2518,2526,2548,2572
782,2634,2360,2698,2516,2569,2524,2628,2571,2450,2693,2519,2553
783,2563,2349,2625,2510,2577,2561,2620,2552,2565,2587,2508,2517
784,2473,2356,2597,2521,2543,2529,2489,2621,2496,2572,2549,2584
785,2595,2290,2600,2569,2540,2581,2649,2619,2540,2597,2502,2595
786,2614,2325,2573,2537,2631,2429,2570,2580,2506,2542,2567,2589
787,2587,2412,2549,2500,2632,2517,2581,2579,2360,2654,2491,2593
788,2571,2401,2706,2441,2584,2580,2543,2641,2422,2618,2544,2697
789,2524,2322,2661,2472,2593,2504,2617,2650,2547,2606,2512,2576
790,2640,2291,2575,2406,2522,2541,2700,2608,2433,2686,2449,2708
791,2507,2292,2577,2526,2614,2518,2664,2575,2526,2537,2487,2603
792,2612,2286,2593,2573,2633,2435,2538,2686,2523,2593,2598,2550
793,2606,2370,2561,2504,2715,2540,2614,2611,2518,2449,2472,2532
794,2547,2321,2685,2554,2608,2543,2547,2553,2516,2706,2444,2649
795,2633,2323,2566,2463,2579,2441,2648,2514,2463,2546,2651,2585
796,2632,2341,2579,2492,2602,2436,2550,2559,2449,2553,2586,2597
797,2540,2334,2537,2467,2572,2576,2624,2584,2553,2623,2450,2537
798,2545,2366,2585,2583,2557,2558,2599,2606,2535,2576,2535,2598
799,2599,2360,2580,2441,2663,2510,2597,2635,2378,2613,2450,2596
800,2575,2306,2588,2411,2490,2485,2573,2624,2543,2599,2480,2712
801,2625,2408,2615,2545,2530,2552,2566,2586,2476,2666,2518,2551
802,2660,2327,2608,2526,2588,2494,2575,2562,2508,2577,2529,2529
803,2598,2296,2678,2489,2697,2522,2621,2595,2525,2554,2563,2599
804,2607,2281,2589,2500,2585,2453,2488,2516,2467,2564,2402,2587
805,2572,2383,2527,2579,2499,2477,2599,2590,2486,2624,2543,2552
806,2531,2354,2504,2550,2593,2412,2629,2602,2534,2520,2535,2588
807,2468,2418,2579,2548,2484,2515,2583,2597,2512,2587,2531,2632
808,2592,2398,2580,2451,2692,2558,2619,2608,2587,2597,2562,2651
809,2627,2243,2547,2575,2575,2537,2544,2547,2532,2609,2493,2572
810,2466,2296,2652,2509,2491,2580,2523,2747,2537,2533,2533,2514
811,2549,2307,2590,2551,2610,2521,2624,2574,2529,2562,2527,2605
812,2614,2311,2688,2533,2626,2437,2561,2648,2456,2604,2508,2538
813,2642,2304,2641,2510,2532,2546,2564,2565,2446,2628,2474,2618
814,2715,2232,2606,2556,2573,2547,2547,2558,2407,2577,2595,2596
815,2653,2267,2594,2446,2540,2466,2527,2525,2482,2565,2543,2659
816,2671,2409,2613,2575,2648,2471,2566,2488,2476,2637,2482,2538
817,2617,2271,2578,2497,2656,2461,2540,2610,2440,2519,2471,2639
818,2513,2287,2608,2596,2535,2554,2565,2591,2537,2493,2484,2620
819,2696,2412,2600,2576,2544,2507,2604,2599,2513,2572,2550,2560
820,2567,2356,2589,2499,2616,2460,2571,2644,2521,2643,2592,2516
821,2616,2309,2573,2536,2545,2564,2599,2661,2552,2635,2536,2532
822,2572,2349,2650,2590,2666,2469,2641,2607,2460,2581,2473,2604
823,2663,2315,2641,2506,2550,2502,2590,2472,2516,2667,2504,2685
824,2561,2254,2601,2528,2600,2520,2557,2618,2472,2667,2499,2490
825,2530,2386,2500,2437,2626,2579,2588,2551,2478,2536,2495,2608
826,2527,2321,2629,2488,2675,2440,2565,2602,2520,2709,2444,2651
827,2553,2392,2656,2393,2594,2374,2428,2613,2579,2580,2551,2604
828,2606,2309,2628,2465,2614,2515,2613,2602,2627,2573,2512,2564
829,2632,2358,2588,2501,2603,2535,2620,2574,2507,2598,2523,2645
830,2567,2358,2578,2526,2667,2498,2687,2601,2541,2583,2571,2544
831,2617,2331,2572,2436,2472,2477,2600,2578,2476,2582,2482,2572
832,2607,2315,2599,2502,2629,2522,2618,2583,2512,2548,2505,2624
833,2602,2302,2540,2531,2646,2557,2617,2534,2492,2549,2507,2667
834,2536,2386,2621,2475,2612,2648,2563,2547,2615,2538,2531,2647
835,2568,2316,2647,2504,2674,2485,2646,2599,2450,2608,2500,2668
836,2611,2341,2627,2492,2539,2515,2523,2599,2531,2701,2526,2591
837,2700,2393,2646,2475,2495,2440,2513,2571,2545,2591,2498,2556
838,2501,2310,2557,2492,2552,2501,2541,2650,2473,2624,2526,2662
839,2654,2295,2655,2503,2644,2652,2545,2572,2469,2541,2503,2616
840,2603,2383,2610,2459,2681,2531,2575,2438,2482,2645,2521,2545
841,2564,2260,2591,2496,2601,2564,2599,2618,2468,2563,2590,2656
842,2484,2320,2620,2527,2587,2496,2460,2504,2554,2701,2501,2602
843,2654,2384,2668,2515,2648,2538,2599,2549,2487,2611,2445,2627
844,2558,2382,2616,2556,2618,2530,2591,2562,2513,2592,2558,2611
845,2552,2308,2637,2491,2563,2467,2568,2594,2524,2664,2483,2487
846,2626,2277,2583,2488,2596,2513,2661,2640,2564,2531,2467,2634
847,2588,2339,2669,2522,2600,2528,2511,2488,2535,2605,2606,2603
848,2562,2297,2517,2456,2522,2483,2635,2598,2540,2540,2518,2604
849,2584,2308,2539,2488,2517,2513,2633,2572,2521,2521,2513,2576
850,2594,2304,2681,2554,2638,2494,2604,2638,2625,2591,2484,2616
851,2540,2289,2568,2469,2551,2594,2590,2572,2549,2601,2477,2598
852,2699,2305,2502,2587,2527,2555,2572,2539,2518,2494,2557,2561
853,2601,2306,2610,2400,2563,2538,2603,2470,2517,2543,2544,2642
854,2530,2383,2657,2575,2566,2532,2607,2491,2537,2684,2514,2561
855,2570,2314,2647,2515,2580,2525,2603,2595,2489,2582,2508,2591
856,2505,2422,2521,2404,2638,2454,2625,2564,2465,2615,2505,2667
857,2637,2398,2604,2476,2540,2550,2562,2535,2523,2641,2556,2629
858,2471,2392,2562,2519,2477,2439,2601,2516,2481,2643,2440,2625
859,2646,2366,2558,2471,2598,2517,2582,2541,2498,2542,2602,2545
860,2515,2352,2619,2465,2684,2547,2564,2524,2415,2511,2533,2655
861,2641,2337,2718,2470,2605,2439,2550,2569,2459,2609,2535,2617
862,2580,2417,2669,2490,2558,2542,2585,2489,2597,2548,2465,2590
863,2621,2324,2551,2490,2607,2408,2601,2677,2499,2550,2448,2625
864,2582,2383,2618,2514,2570,2515,2593,2576,2559,2589,2465,2690
865,2475,2294,2569,2498,2569,2449,2624,2581,2527,2517,2557,2589
866,2552,2370,2590,2523,2597,2411,2526,2639,2487,2503,2520,2603
867,2625,2333,2641,2530,2582,2549,2686,2601,2440,2519,2530,2523
868,2625,2362,2531,2585,2588,2522,2563,2583,2507,2508,2546,2550
869,2624,2365,2481,2539,2588,2474,2582,2558,2573,2653,2527,2668
870,2610,2297,2564,2454,2642,2578,2583,2560,2502,2618,2493,2545
871,2565,2370,2574,2597,2512,2566,2601,2530,2466,2553,2521,2602
872,2543,2400,2641,2503,2603,2492,2688,2549,2438,2614,2454,2654
873,2591,2332,2494,2560,2587,2468,2565,2604,2590,2594,2554,2653
874,2637,2315,2588,2515,2549,2446,2667,2723,2526,2696,2521,2626
875,2609,2417,2554,2527,2642,2579,2556,2553,2535,2649,2436,2584
876,2624,2246,2553,2573,2642,2483,2665,2593,2451,2629,2443,2540
877,2566,2264,2574,2504,2539,2589,2639,2552,2463,2561,2606,2626
878,2630,2365,2481,2517,2508,2464,2567,2593,2536,2473,2525,2568
879,2611,2339,2639,2528,2651,2480,2600,2612,2539,2544,2553,2617
880,2526,2325,2638,2588,2627,2480,2581,2528,2599,2578,2486,2581
881,2546,2347,2640,2570,2591,2483,2560,2530,2483,2548,2459,2597
882,2507,2323,2573,2488,2648,2379,2618,2515,2590,2620,2550,2570
883,2569,2416,2600,2550,2537,2535,2580,2534,2473,2555,2501,2547
884,2664,2306,2681,2454,2682,2558,2669,2582,2460,2508,2422,2568
885,2633,2313,2560,2583,2608,2512,2575,2569,2425,2658,2561,2571
886,2652,2336,2522,2576,2590,2457,2515,2528,2573,2549,2584,2628
887,2581,2317,2631,2480,2518,2488,2626,2583,2446,2557,2516,2489
888,2610,2283,2574,2443,2555,2504,2642,2586,2365,2660,2464,2543
889,2609,2352,2654,2494,2580,2521,2617,2642,2501,2546,2472,2541
890,2518,2289,2469,2455,2600,2532,2629,2571,2467,2569,2505,2598
891,2628,2341,2695,2511,2539,2513,2581,2551,2528,2648,2577,2578
892,2538,2283,2574,2622,2561,2456,2598,2507,2496,2595,2507,2497
893,2542,2280,2673,2560,2629,2421,2702,2625,2551,2584,2541,2629
894,2581,2310,2541,2557,2566,2515,2493,2628,2547,2503,2514,2612
895,2490,2387,2609,2382,2545,2408,2610,2531,2602,2574,2499,2570
896,2693,2341,2495,2558,2579,2614,2569,2596,2514,2524,2542,2692
897,2558,2367,2544,2603,2602,2540,2587,2574,2552,2574,2577,2592
898,2610,2284,2549,2478,2610,2515,2571,2600,2576,2546,2527,2576
899,2606,2318,2563,2442,2564,2539,2561,2623,2544,2613,2576,2723
900,2638,2358,2616,2465,2568,2556,2673,2545,2511,2561,2616,2685
901,2593,2365,2620,2534,2646,2474,2611,2585,2495,2576,2475,2679
902,2518,2360,2526,2511,2588,2492,2557,2630,2432,2569,2513,2608
903,2591,2396,2611,2561,2673,2531,2576,2582,2440,2686,2539,2646
904,2554,2353,2579,2514,2662,2542,2602,2695,2541,2538,2470,2563
905,2597,2393,2563,2547,2572,2512,2566,2524,2425,2527,2548,2716
906,2589,2354,2596,2515,2648,2474,2599,2530,2474,2620,2534,2600
907,2593,2300,2619,2434,2601,2427,2517,2541,2549,2581,2452,2632
908,2606,2356,2672,2549,2583,2422,2639,2573,2453,2585,2505,2596
909,2533,2273,2572,2502,2567,2485,2593,2660,2480,2580,2446,2644
910,2622,2411,2603,2523,2620,2542,2559,2617,2492,2606,2491,2488
911,2630,2373,2565,2522,2607,2514,2536,2586,2522,2590,2608,2577
912,2621,2349,2506,2491,2515,2519,2566,2600,2454,2596,2614,2647
913,2708,2322,2590,2458,2504,2493,2493,2601,2495,2521,2439,2642
914,2579,2342,2561,2534,2542,2511,2543,2583,2495,2586,2548,2545
915,2622,2357,2573,2390,2622,2501,2603,2572,2509,2552,2600,2566
916,2547,2266,2551,2519,2639,2480,2591,2561,2477,2614,2516,2549
917,2632,2321,2614,2548,2607,2515,2561,2637,2446,2615,2543,2583
918,2536,2194,2652,2486,2730,2486,2659,2574,2431,2534,2489,2561
919,2524,2321,2478,2461,2515,2417,2632,2608,2430,2587,2499,2520
920,2580,2428,2641,2549,2555,2467,2619,2528,2462,2567,2509,2532
921,2680,2368,2715,2525,2655,2594,2573,2537,2545,2631,2559,2448
922,2650,2317,2553,2459,2610,2463,2616,2607,2501,2616,2461,2635
923,2642,2294,2538,2469,2532,2527,2634,2616,2427,2583,2483,2615
924,2564,2296,2632,2547,2607,2447,2621,2565,2583,2553,2552,2628
925,2641,2327,2609,2459,2612,2530,2509,2634,2517,2461,2524,2627
926,2616,2365,2665,2446,2619,2516,2600,2658,2570,2582,2516,2559
927,2601,2382,2623,2551,2593,2536,2646,2615,2484,2600,2486,2618
928,2551,2343,2602,2538,2639,2502,2613,2586,2451,2594,2490,2633
929,2641,2358,2550,2560,2676,2528,2591,2575,2444,2646,2479,2638
930,2577,2347,2545,2611,2511,2473,2641,2565,2435,2548,2543,2586
931,2566,2247,2548,2542,2662,2506,2628,2547,2445,2551,2516,2594
932,2648,2225,2574,2615,2502,2576,2516,2550,2473,2588,2513,2655
933,2565,2336,2617,2484,2561,2588,2552,2611,2540,2636,2497,2683
934,2606,2391,2710,2514,2537,2479,2545,2689,2404,2612,2485,2504
935,2709,2335,2687,2574,2603,2542,2633,2602,2511,2514,2601,2604
936,2556,2431,2605,2574,2555,2522,2660,2619,2461,2568,2521,2600
937,2568,2274,2656,2447,2650,2479,2602,2590,2487,2575,2437,2548
938,2690,2265,2570,2620,2645,2550,2502,2575,2531,2687,2524,2662
939,2538,2289,2595,2509,2549,2537,2548,2587,2505,2541,2420,2560
940,2675,2318,2492,2442,2572,2465,2620,2522,2464,2637,2588,2598
941,2597,2396,2614,2554,2644,2516,2554,2578,2506,2608,2522,2578
942,2698,2336,2561,2445,2600,2443,2672,2644,2444,2536,2433,2565
943,2538,2301,2669,2433,2552,2521,2631,2680,2391,2541,2476,2625
944,2562,2324,2575,2428,2576,2487,2627,2590,2580,2583,2537,2608
945,2600,2380,2621,2533,2637,2543,2566,2668,2522,2526,2502,2621
946,2617,2346,2617,2548,2532,2543,2594,2651,2450,2589,2563,2456
947,2664,2320,2595,2565,2574,2464,2625,2613,2453,2631,2588,2714
948,2572,2351,2628,2452,2595,2497,2576,2624,2501,2602,2496,2602
949,2546,2342,2531,2554,2585,2460,2573,2656,2508,2587,2516,2655
950,2470,2263,2648,2497,2564,2471,2591,2653,2540,2623,2405,2624
951,2623,2325,2589,2433,2540,2533,2498,2613,2533,2564,2527,2602
952,2536,2353,2640,2498,2630,2524,2621,2506,2572,2467,2493,2542
953,2515,2302,2527,2469,2498,2549,2634,2627,2527,2594,2492,2573
954,2595,2370,2663,2430,2657,2475,2511,2621,2518,2522,2498,2626
955,2614,2339,2610,2494,2530,2458,2681,2595,2626,2506,2495,2617
956,2599,2324,2560,2444,2663,2541,2620,2540,2528,2609,2577,2504
957,2561,2432,2629,2448,2619,2469,2600,2543,2513,2572,2532,2594
958,2593,2314,2593,2509,2614,2554,2598,2533,2528,2573,2522,2587
959,2556,2283,2702,2504,2593,2536,2646,2537,2496,2631,2505,2644
960,2639,2369,2633,2491,2550,2556,2614,2504,2504,2615,2551,2581
961,2563,2329,2560,2546,2542,2458,2534,2633,2472,2586,2515,2680
962,2569,2330,2589,2473,2629,2452,2567,2501,2490,2555,2452,2551
963,2573,2306,2630,2497,2627,2461,2580,2653,2532,2535,2585,2567
964,2514,2416,2605,2460,2630,2430,2576,2646,2559,2568,2427,2593
965,2600,2332,2649,2503,2659,2590,2657,2552,2496,2608,2506,2622
966,2673,2299,2576,2512,2652,2494,2645,2627,2486,2588,2586,2661
967,2602,2379,2577,2498,2571,2572,2663,2622,2561,2624,2395,2575
968,2576,2412,2523,2448,2543,2523,2586,2663,2554,2624,2504,2605
969,2664,2333,2580,2520,2628,2482,2681,2602,2511,2618,2503,2552
970,2476,2352,2613,2563,2627,2437,2584,2555,2528,2687,2500,2578
971,2534,2352,2562,2536,2601,2449,2592,2543,2425,2604,2472,2684
972,2566,2317,2598,2442,2595,2465,2642,2661,2578,2605,2477,2601
973,2568,2257,2553,2554,2628,2512,2556,2576,2436,2595,2479,2493
974,2645,2281,2604,2545,2579,2531,2573,2649,2505,2533,2544,2616
975,2595,2257,2543,2457,2629,2497,2514,2546,2589,2678,2549,2578
976,2550,2311,2549,2510,2596,2443,2499,2565,2430,2634,2568,2572
977,2666,2369,2659,2517,2625,2458,2606,2506,2453,2520,2415,2681
978,2623,2322,2564,2502,2537,2432,2626,2618,2479,2599,2466,2533
979,2614,2289,2589,2556,2554,2521,2589,2568,2525,2550,2513,2626
980,2626,2342,2652,2534,2589,2543,2607,2716,2540,2641,2532,2660
981,2597,2302,2574,2439,2500,2524,2534,2626,2535,2609,2461,2560
982,2678,2281,2641,2570,2650,2547,2543,2571,2502,2564,2483,2596
983,2715,2308,2622,2524,2547,2491,2567,2577,2489,2638,2583,2626
984,2571,2315,2615,2573,2582,2536,2534,2554,2503,2535,2445,2745
985,2467,2234,2554,2534,2635,2499,2592,2563,2457,2577,2553,2572
986,2639,2392,2540,2532,2642,2500,2612,2646,2496,2470,2454,2591
987,2548,2367,2664,2555,2613,2459,2599,2576,2578,2630,2522,2583
988,2514,2342,2636,2487,2607,2564,2526,2589,2395,2522,2578,2666
989,2586,2281,2581,2466,2606,2503,2635,2625,2422,2581,2554,2522
990,2574,2370,2589,2497,2527,2484,2619,2562,2484,2619,2482,2611
991,2686,2358,2629,2532,2640,2437,2623,2561,2609,2566,2548,2503
992,2618,2253,2664,2547,2620,2581,2622,2558,2528,2656,2532,2522
993,2535,2344,2549,2587,2573,2473,2646,2534,2448,2604,2540,2519
994,2630,2364,2581,2609,2626,2593,2655,2700,2482,2634,2477,2550
995,2601,2405,2553,2467,2593,2482,2536,2564,2484,2504,2577,2634
996,2524,2283,2663,2549,2594,2437,2572,2447,2546,2597,2454,2548
997,2680,2373,2702,2557,2566,2419,2730,2558,2431,2647,2530,2605
998,2587,2374,2488,2603,2624,2448,2555,2550,2492,2591,2584,2632
999,2590,2323,2564,2582,2601,2566,2636,2603,2531,2626,2462,2488
